STATE,STATENAME,ST_CASE,PEDS,PERNOTMVIT,VE_TOTAL,VE_FORMS,PVH_INVL,PERSONS,PERMVIT,COUNTY,COUNTYNAME,CITY,CITYNAME,MONTH,MONTHNAME,DAY,DAYNAME,DAY_WEEK,DAY_WEEKNAME,YEAR,HOUR,HOURNAME,MINUTE,MINUTENAME,TWAY_ID,TWAY_ID2,ROUTE,ROUTENAME,RUR_URB,RUR_URBNAME,FUNC_SYS,FUNC_SYSNAME,RD_OWNER,RD_OWNERNAME,NHS,NHSNAME,SP_JUR,SP_JURNAME,MILEPT,MILEPTNAME,LATITUDE,LATITUDENAME,LONGITUD,LONGITUDNAME,HARM_EV,HARM_EVNAME,MAN_COLL,MAN_COLLNAME,RELJCT1,RELJCT1NAME,RELJCT2,RELJCT2NAME,TYP_INT,TYP_INTNAME,REL_ROAD,REL_ROADNAME,WRK_ZONE,WRK_ZONENAME,LGT_COND,LGT_CONDNAME,WEATHER,WEATHERNAME,SCH_BUS,SCH_BUSNAME,RAIL,RAILNAME,NOT_HOUR,NOT_HOURNAME,NOT_MIN,NOT_MINNAME,ARR_HOUR,ARR_HOURNAME,ARR_MIN,ARR_MINNAME,HOSP_HR,HOSP_HRNAME,HOSP_MN,HOSP_MNNAME,FATALS
53,Washington,530400,0,0,2,2,0,5,5,7,CHELAN (7),0,NOT APPLICABLE,8,August,14,14,1,Sunday,2022,21,9:00pm-9:59pm,22,22,US-2,NA,2,US Highway,1,Rural,3,Principal Arterial - Other,1,State Highway Agency,1,This section IS ON the NHS,0,No Special Jurisdiction,873,873,47.72191667,47.72191667,-120.73686111,-120.73686111,12,Motor Vehicle In-Transport,2,Front-to-Front,0,No,1,Non-Junction,1,Not an Intersection,1,On Roadway,0,None,2,Dark - Not Lighted,1,Clear,0,No,0000000,Not Applicable,99,Unknown,99,Unknown,99,Unknown EMS Scene Arrival Hour,99,Unknown EMS Scene Arrival Minutes,99,Unknown,99,Unknown EMS Hospital Arrival Time,1
53,Washington,530401,0,0,2,2,0,2,2,33,KING (33),735,FEDERAL WAY,8,August,19,19,6,Friday,2022,21,9:00pm-9:59pm,35,35,21ST AVE SW,SW 325th Pl,6,Local Street - Municipality,2,Urban,3,Principal Arterial - Other,4,City or Municipal Highway Agency,0,This section IS NOT on the NHS,0,No Special Jurisdiction,0,None,47.31008611,47.31008611,-122.36093889,-122.36093889,12,Motor Vehicle In-Transport,6,Angle,0,No,2,Intersection,2,Four-Way Intersection,1,On Roadway,0,None,3,Dark - Lighted,1,Clear,0,No,0000000,Not Applicable,99,Unknown,99,Unknown,99,Unknown EMS Scene Arrival Hour,99,Unknown EMS Scene Arrival Minutes,88,Not Applicable (Not Transported),88,Not Applicable (Not Transported),1
53,Washington,530402,0,0,2,2,0,8,8,27,GRAYS HARBOR (27),0,NOT APPLICABLE,8,August,12,12,6,Friday,2022,9,9:00am-9:59am,16,16,US-101,OCEAN BEACH RD,2,US Highway,1,Rural,3,Principal Arterial - Other,1,State Highway Agency,1,This section IS ON the NHS,0,No Special Jurisdiction,915,915,47.03139444,47.03139444,-123.92219444,-123.92219444,12,Motor Vehicle In-Transport,6,Angle,0,No,2,Intersection,3,T-Intersection,1,On Roadway,0,None,1,Daylight,10,Cloudy,0,No,0000000,Not Applicable,99,Unknown,99,Unknown,99,Unknown EMS Scene Arrival Hour,99,Unknown EMS Scene Arrival Minutes,99,Unknown,99,Unknown EMS Hospital Arrival Time,1
53,Washington,530403,0,0,1,1,0,1,1,67,THURSTON (67),0,NOT APPLICABLE,8,August,22,22,2,Monday,2022,7,7:00am-7:59am,30,30,I-5,NA,1,Interstate,2,Urban,1,Interstate,1,State Highway Agency,1,This section IS ON the NHS,0,No Special Jurisdiction,973,973,46.92363611,46.92363611,-122.94615833,-122.94615833,24,Guardrail Face,0,The First Harmful Event was Not a Collision with a Motor Vehicle in Transport,0,No,1,Non-Junction,1,Not an Intersection,4,On Roadside,0,None,1,Daylight,1,Clear,0,No,0000000,Not Applicable,99,Unknown,99,Unknown,99,Unknown EMS Scene Arrival Hour,99,Unknown EMS Scene Arrival Minutes,88,Not Applicable (Not Transported),88,Not Applicable (Not Transported),1
53,Washington,530404,0,0,3,3,0,4,4,77,YAKIMA (77),2590,YAKIMA,8,August,13,13,7,Saturday,2022,11,11:00am-11:59am,47,47,W LINCOLN AVE,NA,6,Local Street - Municipality,2,Urban,3,Principal Arterial - Other,4,City or Municipal Highway Agency,0,This section IS NOT on the NHS,0,No Special Jurisdiction,0,None,46.603425,46.603425,-120.52635278,-120.52635278,12,Motor Vehicle In-Transport,7,Sideswipe - Same Direction,0,No,1,Non-Junction,1,Not an Intersection,1,On Roadway,0,None,1,Daylight,1,Clear,0,No,0000000,Not Applicable,99,Unknown,99,Unknown,99,Unknown EMS Scene Arrival Hour,99,Unknown EMS Scene Arrival Minutes,99,Unknown,99,Unknown EMS Hospital Arrival Time,1
53,Washington,530405,0,0,1,1,0,1,1,39,KLICKITAT (39),0,NOT APPLICABLE,8,August,17,17,4,Wednesday,2022,23,11:00pm-11:59pm,56,56,SR-14,NA,3,State Highway,1,Rural,3,Principal Arterial - Other,1,State Highway Agency,0,This section IS NOT on the NHS,0,No Special Jurisdiction,912,912,45.66351389,45.66351389,-121.00282222,-121.00282222,24,Guardrail Face,0,The First Harmful Event was Not a Collision with a Motor Vehicle in Transport,0,No,1,Non-Junction,1,Not an Intersection,4,On Roadside,0,None,2,Dark - Not Lighted,1,Clear,0,No,0000000,Not Applicable,99,Unknown,99,Unknown,99,Unknown EMS Scene Arrival Hour,99,Unknown EMS Scene Arrival Minutes,99,Unknown,99,Unknown EMS Hospital Arrival Time,1
53,Washington,530406,0,0,1,1,0,1,1,73,WHATCOM (73),110,BELLINGHAM,7,July,21,21,5,Thursday,2022,7,7:00am-7:59am,16,16,LINCOLN ST,NA,6,Local Street - Municipality,2,Urban,4,Minor Arterial,4,City or Municipal Highway Agency,0,This section IS NOT on the NHS,0,No Special Jurisdiction,0,None,48.73364167,48.73364167,-122.4665,-122.4665,33,Curb,0,The First Harmful Event was Not a Collision with a Motor Vehicle in Transport,0,No,1,Non-Junction,1,Not an Intersection,4,On Roadside,0,None,1,Daylight,1,Clear,0,No,0000000,Not Applicable,99,Unknown,99,Unknown,99,Unknown EMS Scene Arrival Hour,99,Unknown EMS Scene Arrival Minutes,99,Unknown,99,Unknown EMS Hospital Arrival Time,1
53,Washington,530407,0,0,2,2,0,3,3,33,KING (33),109,BELLEVUE,8,August,15,15,2,Monday,2022,8,8:00am-8:59am,0,0,NORTHUP WAY,156th Ave NE,6,Local Street - Municipality,2,Urban,4,Minor Arterial,4,City or Municipal Highway Agency,0,This section IS NOT on the NHS,0,No Special Jurisdiction,0,None,47.62779167,47.62779167,-122.1323,-122.1323,12,Motor Vehicle In-Transport,6,Angle,0,No,2,Intersection,2,Four-Way Intersection,1,On Roadway,0,None,1,Daylight,1,Clear,0,No,0000000,Not Applicable,99,Unknown,99,Unknown,99,Unknown EMS Scene Arrival Hour,99,Unknown EMS Scene Arrival Minutes,88,Not Applicable (Not Transported),88,Not Applicable (Not Transported),1
53,Washington,530408,0,0,2,2,0,2,2,33,KING (33),735,FEDERAL WAY,8,August,23,23,3,Tuesday,2022,18,6:00pm-6:59pm,29,29,MILITARY RD S,NA,6,Local Street - Municipality,2,Urban,4,Minor Arterial,4,City or Municipal Highway Agency,0,This section IS NOT on the NHS,0,No Special Jurisdiction,0,None,47.34246944,47.34246944,-122.30108611,-122.30108611,12,Motor Vehicle In-Transport,6,Angle,0,No,8,Driveway Access Related,1,Not an Intersection,1,On Roadway,0,None,1,Daylight,1,Clear,0,No,0000000,Not Applicable,99,Unknown,99,Unknown,99,Unknown EMS Scene Arrival Hour,99,Unknown EMS Scene Arrival Minutes,88,Not Applicable (Not Transported),88,Not Applicable (Not Transported),1
53,Washington,530409,1,1,1,1,0,1,1,33,KING (33),2005,SHORELINE,8,August,25,25,5,Thursday,2022,5,5:00am-5:59am,44,44,SR-99,NA,3,State Highway,2,Urban,3,Principal Arterial - Other,1,State Highway Agency,0,This section IS NOT on the NHS,0,No Special Jurisdiction,359,359,47.76061667,47.76061667,-122.34618333,-122.34618333,8,Pedestrian,0,The First Harmful Event was Not a Collision with a Motor Vehicle in Transport,0,No,1,Non-Junction,1,Not an Intersection,1,On Roadway,0,None,3,Dark - Lighted,1,Clear,0,No,0000000,Not Applicable,99,Unknown,99,Unknown,99,Unknown EMS Scene Arrival Hour,99,Unknown EMS Scene Arrival Minutes,88,Not Applicable (Not Transported),88,Not Applicable (Not Transported),1
53,Washington,530410,0,0,1,1,0,1,1,11,CLARK (11),0,NOT APPLICABLE,8,August,16,16,3,Tuesday,2022,17,5:00pm-5:59pm,18,18,CR-NE 99TH ST,NA,4,County Road,2,Urban,4,Minor Arterial,2,County Highway Agency,0,This section IS NOT on the NHS,0,No Special Jurisdiction,6,6,45.69311944,45.69311944,-122.64488889,-122.64488889,30,Utility Pole/Light Support,0,The First Harmful Event was Not a Collision with a Motor Vehicle in Transport,0,No,1,Non-Junction,1,Not an Intersection,4,On Roadside,0,None,1,Daylight,1,Clear,0,No,0000000,Not Applicable,99,Unknown,99,Unknown,99,Unknown EMS Scene Arrival Hour,99,Unknown EMS Scene Arrival Minutes,88,Not Applicable (Not Transported),88,Not Applicable (Not Transported),1
53,Washington,530411,0,0,2,2,0,2,2,7,CHELAN (7),0,NOT APPLICABLE,8,August,24,24,4,Wednesday,2022,9,9:00am-9:59am,32,32,US-97,NA,2,US Highway,1,Rural,2,Principal Arterial - Other Freeways and Expressways,1,State Highway Agency,1,This section IS ON the NHS,0,No Special Jurisdiction,2239,2239,47.85710278,47.85710278,-119.93550833,-119.93550833,12,Motor Vehicle In-Transport,6,Angle,0,No,1,Non-Junction,1,Not an Intersection,1,On Roadway,0,None,1,Daylight,1,Clear,0,No,0000000,Not Applicable,99,Unknown,99,Unknown,99,Unknown EMS Scene Arrival Hour,99,Unknown EMS Scene Arrival Minutes,88,Not Applicable (Not Transported),88,Not Applicable (Not Transported),1
53,Washington,530412,0,0,4,2,2,2,2,53,PIERCE (53),0,NOT APPLICABLE,8,August,26,26,6,Friday,2022,18,6:00pm-6:59pm,50,50,CR-PIONEER WAY E,142ND AVE CT E,4,County Road,2,Urban,4,Minor Arterial,2,County Highway Agency,0,This section IS NOT on the NHS,0,No Special Jurisdiction,22,22,47.18053889,47.18053889,-122.23912778,-122.23912778,12,Motor Vehicle In-Transport,6,Angle,0,No,2,Intersection,3,T-Intersection,1,On Roadway,0,None,1,Daylight,10,Cloudy,0,No,0000000,Not Applicable,99,Unknown,99,Unknown,99,Unknown EMS Scene Arrival Hour,99,Unknown EMS Scene Arrival Minutes,99,Unknown,99,Unknown EMS Hospital Arrival Time,1
53,Washington,530413,0,0,1,1,0,2,2,35,KITSAP (35),0,NOT APPLICABLE,8,August,26,26,6,Friday,2022,13,1:00pm-1:59pm,11,11,CR-CARNEY LAKE RD SW,NA,4,County Road,1,Rural,5,Major Collector,2,County Highway Agency,0,This section IS NOT on the NHS,0,No Special Jurisdiction,14,14,47.42111111,47.42111111,-122.75707222,-122.75707222,42,Tree (Standing Only),0,The First Harmful Event was Not a Collision with a Motor Vehicle in Transport,0,No,1,Non-Junction,1,Not an Intersection,4,On Roadside,0,None,1,Daylight,10,Cloudy,0,No,0000000,Not Applicable,99,Unknown,99,Unknown,99,Unknown EMS Scene Arrival Hour,99,Unknown EMS Scene Arrival Minutes,88,Not Applicable (Not Transported),88,Not Applicable (Not Transported),1
53,Washington,530414,0,0,1,1,0,1,1,33,KING (33),2310,TUKWILA,8,August,22,22,2,Monday,2022,22,10:00pm-10:59pm,20,20,SR-599,NA,3,State Highway,2,Urban,2,Principal Arterial - Other Freeways and Expressways,1,State Highway Agency,0,This section IS NOT on the NHS,0,No Special Jurisdiction,17,17,47.49747222,47.49747222,-122.29404444,-122.29404444,33,Curb,0,The First Harmful Event was Not a Collision with a Motor Vehicle in Transport,0,No,1,Non-Junction,1,Not an Intersection,4,On Roadside,0,None,3,Dark - Lighted,1,Clear,0,No,0000000,Not Applicable,99,Unknown,99,Unknown,99,Unknown EMS Scene Arrival Hour,99,Unknown EMS Scene Arrival Minutes,88,Not Applicable (Not Transported),88,Not Applicable (Not Transported),1
53,Washington,530415,0,0,3,3,0,3,3,53,PIERCE (53),0,NOT APPLICABLE,8,August,19,19,6,Friday,2022,20,8:00pm-8:59pm,24,24,SR-702,8TH AVE CT E,3,State Highway,1,Rural,4,Minor Arterial,1,State Highway Agency,0,This section IS NOT on the NHS,0,No Special Jurisdiction,63,63,46.93693889,46.93693889,-122.42086111,-122.42086111,12,Motor Vehicle In-Transport,6,Angle,0,No,2,Intersection,3,T-Intersection,1,On Roadway,0,None,1,Daylight,1,Clear,0,No,0000000,Not Applicable,99,Unknown,99,Unknown,99,Unknown EMS Scene Arrival Hour,99,Unknown EMS Scene Arrival Minutes,99,Unknown,99,Unknown EMS Hospital Arrival Time,1
53,Washington,530416,0,0,1,1,0,1,1,53,PIERCE (53),0,NOT APPLICABLE,8,August,27,27,7,Saturday,2022,0,0:00am-0:59am,20,20,SR-165,NA,3,State Highway,2,Urban,4,Minor Arterial,1,State Highway Agency,0,This section IS NOT on the NHS,0,No Special Jurisdiction,184,184,47.12505,47.12505,-122.04970556,-122.04970556,43,Other Fixed Object,0,The First Harmful Event was Not a Collision with a Motor Vehicle in Transport,0,No,1,Non-Junction,1,Not an Intersection,4,On Roadside,0,None,2,Dark - Not Lighted,1,Clear,0,No,0000000,Not Applicable,99,Unknown,99,Unknown,99,Unknown EMS Scene Arrival Hour,99,Unknown EMS Scene Arrival Minutes,88,Not Applicable (Not Transported),88,Not Applicable (Not Transported),1
53,Washington,530417,0,0,1,1,0,1,1,33,KING (33),100,AUBURN,8,August,28,28,1,Sunday,2022,3,3:00am-3:59am,38,38,SR-167,NA,3,State Highway,2,Urban,2,Principal Arterial - Other Freeways and Expressways,1,State Highway Agency,0,This section IS NOT on the NHS,0,No Special Jurisdiction,183,183,47.34076389,47.34076389,-122.24459167,-122.24459167,1,Rollover/Overturn,0,The First Harmful Event was Not a Collision with a Motor Vehicle in Transport,0,No,1,Non-Junction,1,Not an Intersection,4,On Roadside,0,None,2,Dark - Not Lighted,1,Clear,0,No,0000000,Not Applicable,99,Unknown,99,Unknown,99,Unknown EMS Scene Arrival Hour,99,Unknown EMS Scene Arrival Minutes,88,Not Applicable (Not Transported),88,Not Applicable (Not Transported),1
53,Washington,530418,0,0,1,1,0,1,1,77,YAKIMA (77),0,NOT APPLICABLE,8,August,30,30,3,Tuesday,2022,12,12:00pm-12:59pm,21,21,CR-COTTONWOOD CANYON RD,NA,4,County Road,1,Rural,7,Local,2,County Highway Agency,0,This section IS NOT on the NHS,0,No Special Jurisdiction,72,72,46.55020556,46.55020556,-120.79228889,-120.79228889,35,Embankment,0,The First Harmful Event was Not a Collision with a Motor Vehicle in Transport,0,No,1,Non-Junction,1,Not an Intersection,4,On Roadside,0,None,1,Daylight,1,Clear,0,No,0000000,Not Applicable,99,Unknown,99,Unknown,99,Unknown EMS Scene Arrival Hour,99,Unknown EMS Scene Arrival Minutes,88,Not Applicable (Not Transported),88,Not Applicable (Not Transported),1
53,Washington,530419,1,1,1,1,0,1,1,37,KITTITAS (37),620,ELLENSBURG,8,August,29,29,2,Monday,2022,16,4:00pm-4:59pm,22,22,W CAPITOL AVE,S Water St,6,Local Street - Municipality,2,Urban,3,Principal Arterial - Other,4,City or Municipal Highway Agency,0,This section IS NOT on the NHS,0,No Special Jurisdiction,0,None,46.99126944,46.99126944,-120.54978056,-120.54978056,8,Pedestrian,0,The First Harmful Event was Not a Collision with a Motor Vehicle in Transport,0,No,3,Intersection-Related,2,Four-Way Intersection,1,On Roadway,0,None,1,Daylight,1,Clear,0,No,0000000,Not Applicable,99,Unknown,99,Unknown,99,Unknown EMS Scene Arrival Hour,99,Unknown EMS Scene Arrival Minutes,99,Unknown,99,Unknown EMS Hospital Arrival Time,1
53,Washington,530420,0,0,1,1,0,1,1,17,DOUGLAS (17),0,NOT APPLICABLE,8,August,13,13,7,Saturday,2022,1,1:00am-1:59am,57,57,SR-17,NA,3,State Highway,1,Rural,4,Minor Arterial,1,State Highway Agency,0,This section IS NOT on the NHS,0,No Special Jurisdiction,945,945,47.66856389,47.66856389,-119.36195278,-119.36195278,1,Rollover/Overturn,0,The First Harmful Event was Not a Collision with a Motor Vehicle in Transport,0,No,1,Non-Junction,1,Not an Intersection,4,On Roadside,0,None,2,Dark - Not Lighted,1,Clear,0,No,0000000,Not Applicable,99,Unknown,99,Unknown,99,Unknown EMS Scene Arrival Hour,99,Unknown EMS Scene Arrival Minutes,88,Not Applicable (Not Transported),88,Not Applicable (Not Transported),1
53,Washington,530421,0,0,2,2,0,3,3,63,SPOKANE (63),2113,SPOKANE VALLEY,8,August,30,30,3,Tuesday,2022,6,6:00am-6:59am,26,26,SR-290,NA,3,State Highway,2,Urban,3,Principal Arterial - Other,1,State Highway Agency,0,This section IS NOT on the NHS,0,No Special Jurisdiction,108,108,47.69611389,47.69611389,-117.18781667,-117.18781667,12,Motor Vehicle In-Transport,6,Angle,0,No,8,Driveway Access Related,1,Not an Intersection,1,On Roadway,0,None,1,Daylight,1,Clear,0,No,0000000,Not Applicable,99,Unknown,99,Unknown,99,Unknown EMS Scene Arrival Hour,99,Unknown EMS Scene Arrival Minutes,99,Unknown,99,Unknown EMS Hospital Arrival Time,2
53,Washington,530422,0,0,1,1,0,2,2,27,GRAYS HARBOR (27),0,NOT APPLICABLE,8,August,22,22,2,Monday,2022,16,4:00pm-4:59pm,21,21,QUINAULT BEACH CASINO ACCESS,NA,8,Other,6,Trafficway Not in State Inventory,96,Trafficway Not in State Inventory,96,Trafficway Not in State Inventory,0,This section IS NOT on the NHS,3,Indian Reservation,99998,Not Reported,47.03772778,47.03772778,-124.16465833,-124.16465833,24,Guardrail Face,0,The First Harmful Event was Not a Collision with a Motor Vehicle in Transport,0,No,1,Non-Junction,1,Not an Intersection,4,On Roadside,0,None,1,Daylight,1,Clear,0,No,0000000,Not Applicable,99,Unknown,99,Unknown,99,Unknown EMS Scene Arrival Hour,99,Unknown EMS Scene Arrival Minutes,99,Unknown,99,Unknown EMS Hospital Arrival Time,1
53,Washington,530423,0,0,2,2,0,4,4,63,SPOKANE (63),2110,SPOKANE,8,August,13,13,7,Saturday,2022,20,8:00pm-8:59pm,10,10,US-2,NA,2,US Highway,2,Urban,3,Principal Arterial - Other,1,State Highway Agency,1,This section IS ON the NHS,0,No Special Jurisdiction,2818,2818,47.69728333,47.69728333,-117.41110278,-117.41110278,12,Motor Vehicle In-Transport,6,Angle,0,No,8,Driveway Access Related,1,Not an Intersection,1,On Roadway,0,None,5,Dusk,1,Clear,0,No,0000000,Not Applicable,99,Unknown,99,Unknown,99,Unknown EMS Scene Arrival Hour,99,Unknown EMS Scene Arrival Minutes,99,Unknown,99,Unknown EMS Hospital Arrival Time,1
53,Washington,530424,0,0,2,2,0,2,2,59,SKAMANIA (59),0,NOT APPLICABLE,8,August,24,24,4,Wednesday,2022,16,4:00pm-4:59pm,0,0,CR-METZGER RD,NOBLE FIR DRIVE,4,County Road,1,Rural,6,Minor Collector,2,County Highway Agency,0,This section IS NOT on the NHS,0,No Special Jurisdiction,99999,Unknown,45.74114167,45.74114167,-121.8256,-121.8256,12,Motor Vehicle In-Transport,6,Angle,0,No,2,Intersection,3,T-Intersection,1,On Roadway,0,None,1,Daylight,1,Clear,0,No,0000000,Not Applicable,99,Unknown,99,Unknown,99,Unknown EMS Scene Arrival Hour,99,Unknown EMS Scene Arrival Minutes,99,Unknown,99,Unknown EMS Hospital Arrival Time,1
53,Washington,530425,0,0,2,2,0,2,2,53,PIERCE (53),2230,TACOMA,9,September,1,1,5,Thursday,2022,15,3:00pm-3:59pm,26,26,E D ST,E 34th St,6,Local Street - Municipality,2,Urban,7,Local,4,City or Municipal Highway Agency,0,This section IS NOT on the NHS,0,No Special Jurisdiction,0,None,47.23089167,47.23089167,-122.42727778,-122.42727778,12,Motor Vehicle In-Transport,6,Angle,0,No,2,Intersection,2,Four-Way Intersection,1,On Roadway,0,None,1,Daylight,1,Clear,0,No,0000000,Not Applicable,99,Unknown,99,Unknown,99,Unknown EMS Scene Arrival Hour,99,Unknown EMS Scene Arrival Minutes,99,Unknown,99,Unknown EMS Hospital Arrival Time,1
53,Washington,530426,0,0,1,1,0,1,1,47,OKANOGAN (47),0,NOT APPLICABLE,8,August,28,28,1,Sunday,2022,14,2:00pm-2:59pm,25,25,CR-N STAR RD,NA,4,County Road,1,Rural,7,Local,2,County Highway Agency,0,This section IS NOT on the NHS,0,No Special Jurisdiction,25,25,48.13392222,48.13392222,-119.77008056,-119.77008056,1,Rollover/Overturn,0,The First Harmful Event was Not a Collision with a Motor Vehicle in Transport,0,No,1,Non-Junction,1,Not an Intersection,4,On Roadside,0,None,1,Daylight,1,Clear,0,No,0000000,Not Applicable,99,Unknown,99,Unknown,99,Unknown EMS Scene Arrival Hour,99,Unknown EMS Scene Arrival Minutes,99,Unknown,99,Unknown EMS Hospital Arrival Time,1
53,Washington,530427,0,0,1,1,0,1,1,61,SNOHOMISH (61),0,NOT APPLICABLE,8,August,25,25,5,Thursday,2022,13,1:00pm-1:59pm,0,0,CR-MOUNTAIN LOOP HWY,NA,4,County Road,1,Rural,5,Major Collector,2,County Highway Agency,0,This section IS NOT on the NHS,0,No Special Jurisdiction,132,132,48.08349167,48.08349167,-121.75607222,-121.75607222,1,Rollover/Overturn,0,The First Harmful Event was Not a Collision with a Motor Vehicle in Transport,0,No,1,Non-Junction,1,Not an Intersection,1,On Roadway,0,None,1,Daylight,1,Clear,0,No,0000000,Not Applicable,99,Unknown,99,Unknown,99,Unknown EMS Scene Arrival Hour,99,Unknown EMS Scene Arrival Minutes,99,Unknown,99,Unknown EMS Hospital Arrival Time,1
53,Washington,530428,1,1,1,1,0,1,1,33,KING (33),1960,SEATTLE,7,July,15,15,6,Friday,2022,18,6:00pm-6:59pm,55,55,SW SPOKANE ST,11TH AVE SW,6,Local Street - Municipality,2,Urban,5,Major Collector,4,City or Municipal Highway Agency,0,This section IS NOT on the NHS,0,No Special Jurisdiction,0,None,47.57145556,47.57145556,-122.34868333,-122.34868333,9,Pedalcyclist,0,The First Harmful Event was Not a Collision with a Motor Vehicle in Transport,0,No,2,Intersection,3,T-Intersection,1,On Roadway,0,None,1,Daylight,1,Clear,0,No,0000000,Not Applicable,99,Unknown,99,Unknown,99,Unknown EMS Scene Arrival Hour,99,Unknown EMS Scene Arrival Minutes,88,Not Applicable (Not Transported),88,Not Applicable (Not Transported),1
53,Washington,530429,0,0,2,2,0,2,2,47,OKANOGAN (47),0,NOT APPLICABLE,8,August,14,14,1,Sunday,2022,17,5:00pm-5:59pm,31,31,SR-153,NA,3,State Highway,1,Rural,4,Minor Arterial,1,State Highway Agency,0,This section IS NOT on the NHS,0,No Special Jurisdiction,18,18,48.0532,48.0532,-119.93605833,-119.93605833,12,Motor Vehicle In-Transport,2,Front-to-Front,0,No,1,Non-Junction,1,Not an Intersection,1,On Roadway,0,None,1,Daylight,1,Clear,0,No,0000000,Not Applicable,99,Unknown,99,Unknown,99,Unknown EMS Scene Arrival Hour,99,Unknown EMS Scene Arrival Minutes,99,Unknown,99,Unknown EMS Hospital Arrival Time,1
53,Washington,530430,0,0,1,1,0,1,1,11,CLARK (11),0,NOT APPLICABLE,9,September,3,3,7,Saturday,2022,17,5:00pm-5:59pm,55,55,CR-NE LUCIA FALLS RD,NA,4,County Road,1,Rural,5,Major Collector,2,County Highway Agency,0,This section IS NOT on the NHS,0,No Special Jurisdiction,3,3,45.83417778,45.83417778,-122.48822778,-122.48822778,31,"Post, Pole or Other Supports",0,The First Harmful Event was Not a Collision with a Motor Vehicle in Transport,0,No,1,Non-Junction,1,Not an Intersection,4,On Roadside,0,None,1,Daylight,1,Clear,0,No,0000000,Not Applicable,99,Unknown,99,Unknown,99,Unknown EMS Scene Arrival Hour,99,Unknown EMS Scene Arrival Minutes,99,Unknown,99,Unknown EMS Hospital Arrival Time,1
53,Washington,530431,0,0,1,1,0,1,1,57,SKAGIT (57),0,NOT APPLICABLE,9,September,3,3,7,Saturday,2022,8,8:00am-8:59am,33,33,SR-020,NA,3,State Highway,1,Rural,4,Minor Arterial,1,State Highway Agency,0,This section IS NOT on the NHS,0,No Special Jurisdiction,758,758,48.53037778,48.53037778,-122.01534167,-122.01534167,23,Bridge Rail (Includes parapet),0,The First Harmful Event was Not a Collision with a Motor Vehicle in Transport,0,No,1,Non-Junction,1,Not an Intersection,4,On Roadside,0,None,1,Daylight,1,Clear,0,No,0000000,Not Applicable,99,Unknown,99,Unknown,99,Unknown EMS Scene Arrival Hour,99,Unknown EMS Scene Arrival Minutes,99,Unknown,99,Unknown EMS Hospital Arrival Time,1
53,Washington,530432,0,0,2,2,0,2,2,57,SKAGIT (57),0,NOT APPLICABLE,9,September,2,2,6,Friday,2022,7,7:00am-7:59am,52,52,SR-020,AVON ALLEN,3,State Highway,2,Urban,3,Principal Arterial - Other,1,State Highway Agency,0,This section IS NOT on the NHS,0,No Special Jurisdiction,571,571,48.45731389,48.45731389,-122.38105833,-122.38105833,12,Motor Vehicle In-Transport,6,Angle,0,No,2,Intersection,2,Four-Way Intersection,1,On Roadway,0,None,1,Daylight,5,"Fog, Smog, Smoke",0,No,0000000,Not Applicable,99,Unknown,99,Unknown,99,Unknown EMS Scene Arrival Hour,99,Unknown EMS Scene Arrival Minutes,99,Unknown,99,Unknown EMS Hospital Arrival Time,1
53,Washington,530434,1,1,1,1,0,1,1,61,SNOHOMISH (61),0,NOT APPLICABLE,8,August,29,29,2,Monday,2022,4,4:00am-4:59am,44,44,CR-AIRPORT RD,NA,4,County Road,2,Urban,3,Principal Arterial - Other,2,County Highway Agency,0,This section IS NOT on the NHS,0,No Special Jurisdiction,1,1,47.88758333,47.88758333,-122.25692778,-122.25692778,8,Pedestrian,0,The First Harmful Event was Not a Collision with a Motor Vehicle in Transport,0,No,1,Non-Junction,1,Not an Intersection,1,On Roadway,0,None,9,Reported as Unknown,1,Clear,0,No,0000000,Not Applicable,99,Unknown,99,Unknown,99,Unknown EMS Scene Arrival Hour,99,Unknown EMS Scene Arrival Minutes,99,Unknown,99,Unknown EMS Hospital Arrival Time,1
53,Washington,530435,0,0,2,2,0,3,3,33,KING (33),0,NOT APPLICABLE,8,August,27,27,7,Saturday,2022,17,5:00pm-5:59pm,46,46,CR-140TH AVE SE,SE 186TH ST,4,County Road,2,Urban,4,Minor Arterial,2,County Highway Agency,0,This section IS NOT on the NHS,0,No Special Jurisdiction,87,87,47.43570833,47.43570833,-122.15445833,-122.15445833,12,Motor Vehicle In-Transport,6,Angle,0,No,2,Intersection,3,T-Intersection,1,On Roadway,0,None,1,Daylight,1,Clear,0,No,0000000,Not Applicable,99,Unknown,99,Unknown,99,Unknown EMS Scene Arrival Hour,99,Unknown EMS Scene Arrival Minutes,99,Unknown,99,Unknown EMS Hospital Arrival Time,2