STATE,STATENAME,ST_CASE,PEDS,PERNOTMVIT,VE_TOTAL,VE_FORMS,PVH_INVL,PERSONS,PERMVIT,COUNTY,COUNTYNAME,CITY,CITYNAME,MONTH,MONTHNAME,DAY,DAYNAME,DAY_WEEK,DAY_WEEKNAME,YEAR,HOUR,HOURNAME,MINUTE,MINUTENAME,TWAY_ID,TWAY_ID2,ROUTE,ROUTENAME,RUR_URB,RUR_URBNAME,FUNC_SYS,FUNC_SYSNAME,RD_OWNER,RD_OWNERNAME,NHS,NHSNAME,SP_JUR,SP_JURNAME,MILEPT,MILEPTNAME,LATITUDE,LATITUDENAME,LONGITUD,LONGITUDNAME,HARM_EV,HARM_EVNAME,MAN_COLL,MAN_COLLNAME,RELJCT1,RELJCT1NAME,RELJCT2,RELJCT2NAME,TYP_INT,TYP_INTNAME,REL_ROAD,REL_ROADNAME,WRK_ZONE,WRK_ZONENAME,LGT_COND,LGT_CONDNAME,WEATHER,WEATHERNAME,SCH_BUS,SCH_BUSNAME,RAIL,RAILNAME,NOT_HOUR,NOT_HOURNAME,NOT_MIN,NOT_MINNAME,ARR_HOUR,ARR_HOURNAME,ARR_MIN,ARR_MINNAME,HOSP_HR,HOSP_HRNAME,HOSP_MN,HOSP_MNNAME,FATALS
53,Washington,530436,0,0,3,3,0,4,4,25,GRANT (25),0,NOT APPLICABLE,9,September,3,3,7,Saturday,2022,19,7:00pm-7:59pm,55,55,I-90,NA,1,Interstate,1,Rural,1,Interstate,1,State Highway Agency,1,This section IS ON the NHS,0,No Special Jurisdiction,1860,1860,47.08618889,47.08618889,-119.06986944,-119.06986944,12,Motor Vehicle In-Transport,2,Front-to-Front,0,No,1,Non-Junction,1,Not an Intersection,1,On Roadway,0,None,1,Daylight,1,Clear,0,No,0000000,Not Applicable,99,Unknown,99,Unknown,99,Unknown EMS Scene Arrival Hour,99,Unknown EMS Scene Arrival Minutes,99,Unknown,99,Unknown EMS Hospital Arrival Time,2
53,Washington,530437,0,0,2,2,0,2,2,63,SPOKANE (63),2113,SPOKANE VALLEY,8,August,31,31,4,Wednesday,2022,16,4:00pm-4:59pm,39,39,N GREENACRES RD,E Alki Ave,6,Local Street - Municipality,2,Urban,7,Local,4,City or Municipal Highway Agency,0,This section IS NOT on the NHS,0,No Special Jurisdiction,0,None,47.66268611,47.66268611,-117.15898889,-117.15898889,12,Motor Vehicle In-Transport,6,Angle,0,No,2,Intersection,2,Four-Way Intersection,1,On Roadway,0,None,1,Daylight,1,Clear,0,No,0000000,Not Applicable,99,Unknown,99,Unknown,99,Unknown EMS Scene Arrival Hour,99,Unknown EMS Scene Arrival Minutes,88,Not Applicable (Not Transported),88,Not Applicable (Not Transported),1
53,Washington,530438,0,0,1,1,0,5,5,59,SKAMANIA (59),0,NOT APPLICABLE,8,August,20,20,7,Saturday,2022,23,11:00pm-11:59pm,15,15,CR-LOOP RD,NA,4,County Road,1,Rural,7,Local,2,County Highway Agency,0,This section IS NOT on the NHS,0,No Special Jurisdiction,26,26,45.72210278,45.72210278,-121.88442222,-121.88442222,42,Tree (Standing Only),0,The First Harmful Event was Not a Collision with a Motor Vehicle in Transport,0,No,1,Non-Junction,1,Not an Intersection,4,On Roadside,0,None,2,Dark - Not Lighted,1,Clear,0,No,0000000,Not Applicable,99,Unknown,99,Unknown,99,Unknown EMS Scene Arrival Hour,99,Unknown EMS Scene Arrival Minutes,99,Unknown,99,Unknown EMS Hospital Arrival Time,1
53,Washington,530439,0,0,2,2,0,5,5,33,KING (33),100,AUBURN,9,September,3,3,7,Saturday,2022,9,9:00am-9:59am,28,28,SR-167,NA,3,State Highway,2,Urban,2,Principal Arterial - Other Freeways and Expressways,1,State Highway Agency,0,This section IS NOT on the NHS,0,No Special Jurisdiction,156,156,47.30285,47.30285,-122.252625,-122.252625,12,Motor Vehicle In-Transport,6,Angle,1,Yes,5,Entrance/Exit Ramp Related,1,Not an Intersection,1,On Roadway,0,None,1,Daylight,2,Rain,0,No,0000000,Not Applicable,99,Unknown,99,Unknown,99,Unknown EMS Scene Arrival Hour,99,Unknown EMS Scene Arrival Minutes,99,Unknown,99,Unknown EMS Hospital Arrival Time,1
53,Washington,530440,1,1,1,1,0,1,1,63,SPOKANE (63),2110,SPOKANE,9,September,2,2,6,Friday,2022,23,11:00pm-11:59pm,20,20,E SPRAGUE AVE,NA,6,Local Street - Municipality,2,Urban,3,Principal Arterial - Other,4,City or Municipal Highway Agency,0,This section IS NOT on the NHS,0,No Special Jurisdiction,99999,Unknown,47.65727222,47.65727222,-117.35445278,-117.35445278,33,Curb,0,The First Harmful Event was Not a Collision with a Motor Vehicle in Transport,0,No,1,Non-Junction,1,Not an Intersection,4,On Roadside,0,None,3,Dark - Lighted,1,Clear,0,No,0000000,Not Applicable,99,Unknown,99,Unknown,99,Unknown EMS Scene Arrival Hour,99,Unknown EMS Scene Arrival Minutes,99,Unknown,99,Unknown EMS Hospital Arrival Time,1
53,Washington,530441,0,0,1,1,0,1,1,31,JEFFERSON (31),0,NOT APPLICABLE,9,September,5,5,2,Monday,2022,10,10:00am-10:59am,42,42,US-101,HOH MAINLINE,2,US Highway,1,Rural,3,Principal Arterial - Other,1,State Highway Agency,1,This section IS ON the NHS,0,No Special Jurisdiction,1754,1754,47.79827778,47.79827778,-124.25214444,-124.25214444,1,Rollover/Overturn,0,The First Harmful Event was Not a Collision with a Motor Vehicle in Transport,0,No,2,Intersection,2,Four-Way Intersection,1,On Roadway,0,None,1,Daylight,1,Clear,0,No,0000000,Not Applicable,99,Unknown,99,Unknown,99,Unknown EMS Scene Arrival Hour,99,Unknown EMS Scene Arrival Minutes,99,Unknown,99,Unknown EMS Hospital Arrival Time,1
53,Washington,530442,0,1,3,2,1,4,3,33,KING (33),1960,SEATTLE,1,January,4,4,3,Tuesday,2022,12,12:00pm-12:59pm,0,0,S KING ST,NA,6,Local Street - Municipality,2,Urban,7,Local,4,City or Municipal Highway Agency,0,This section IS NOT on the NHS,0,No Special Jurisdiction,0,None,47.59832778,47.59832778,-122.31674167,-122.31674167,59,Traffic Sign Support,0,The First Harmful Event was Not a Collision with a Motor Vehicle in Transport,0,No,8,Driveway Access Related,1,Not an Intersection,4,On Roadside,0,None,1,Daylight,1,Clear,0,No,0000000,Not Applicable,99,Unknown,99,Unknown,99,Unknown EMS Scene Arrival Hour,99,Unknown EMS Scene Arrival Minutes,99,Unknown,99,Unknown EMS Hospital Arrival Time,1
53,Washington,530443,0,0,2,2,0,2,2,33,KING (33),1960,SEATTLE,2,February,16,16,4,Wednesday,2022,9,9:00am-9:59am,39,39,6TH AVE S,S Michigan St,6,Local Street - Municipality,2,Urban,3,Principal Arterial - Other,4,City or Municipal Highway Agency,0,This section IS NOT on the NHS,0,No Special Jurisdiction,0,None,47.54626111,47.54626111,-122.32616389,-122.32616389,12,Motor Vehicle In-Transport,6,Angle,0,No,2,Intersection,2,Four-Way Intersection,1,On Roadway,0,None,1,Daylight,1,Clear,0,No,0000000,Not Applicable,99,Unknown,99,Unknown,99,Unknown EMS Scene Arrival Hour,99,Unknown EMS Scene Arrival Minutes,99,Unknown,99,Unknown EMS Hospital Arrival Time,1
53,Washington,530444,1,1,1,1,0,1,1,73,WHATCOM (73),110,BELLINGHAM,2,February,21,21,2,Monday,2022,19,7:00pm-7:59pm,21,21,LAKEWAY DR,NA,6,Local Street - Municipality,2,Urban,3,Principal Arterial - Other,4,City or Municipal Highway Agency,0,This section IS NOT on the NHS,0,No Special Jurisdiction,0,None,48.74578056,48.74578056,-122.44194722,-122.44194722,8,Pedestrian,0,The First Harmful Event was Not a Collision with a Motor Vehicle in Transport,0,No,1,Non-Junction,1,Not an Intersection,1,On Roadway,0,None,3,Dark - Lighted,8,Other,0,No,0000000,Not Applicable,99,Unknown,99,Unknown,99,Unknown EMS Scene Arrival Hour,99,Unknown EMS Scene Arrival Minutes,99,Unknown,99,Unknown EMS Hospital Arrival Time,1
53,Washington,530445,1,1,1,1,0,1,1,53,PIERCE (53),2230,TACOMA,2,February,23,23,4,Wednesday,2022,18,6:00pm-6:59pm,9,9,SR-7,S 72ND ST,3,State Highway,2,Urban,3,Principal Arterial - Other,1,State Highway Agency,0,This section IS NOT on the NHS,0,No Special Jurisdiction,549,549,47.19186667,47.19186667,-122.43401389,-122.43401389,8,Pedestrian,0,The First Harmful Event was Not a Collision with a Motor Vehicle in Transport,0,No,3,Intersection-Related,2,Four-Way Intersection,1,On Roadway,0,None,5,Dusk,1,Clear,0,No,0000000,Not Applicable,99,Unknown,99,Unknown,99,Unknown EMS Scene Arrival Hour,99,Unknown EMS Scene Arrival Minutes,99,Unknown,99,Unknown EMS Hospital Arrival Time,1
53,Washington,530446,0,0,2,1,1,1,1,61,SNOHOMISH (61),0,NOT APPLICABLE,3,March,6,6,1,Sunday,2022,14,2:00pm-2:59pm,42,42,SR-99,NA,3,State Highway,2,Urban,3,Principal Arterial - Other,1,State Highway Agency,0,This section IS NOT on the NHS,0,No Special Jurisdiction,448,448,47.87663333,47.87663333,-122.27033889,-122.27033889,14,Parked Motor Vehicle,0,The First Harmful Event was Not a Collision with a Motor Vehicle in Transport,0,No,1,Non-Junction,1,Not an Intersection,2,On Shoulder,0,None,1,Daylight,1,Clear,0,No,0000000,Not Applicable,99,Unknown,99,Unknown,99,Unknown EMS Scene Arrival Hour,99,Unknown EMS Scene Arrival Minutes,99,Unknown,99,Unknown EMS Hospital Arrival Time,1
53,Washington,530447,0,0,1,1,0,1,1,53,PIERCE (53),0,NOT APPLICABLE,3,March,3,3,5,Thursday,2022,12,12:00pm-12:59pm,0,0,I-5,NA,1,Interstate,2,Urban,1,Interstate,1,State Highway Agency,1,This section IS ON the NHS,0,No Special Jurisdiction,1204,1204,47.10253056,47.10253056,-122.59909167,-122.59909167,38,Fence,0,The First Harmful Event was Not a Collision with a Motor Vehicle in Transport,0,No,1,Non-Junction,1,Not an Intersection,5,Outside Trafficway,0,None,1,Daylight,1,Clear,0,No,0000000,Not Applicable,99,Unknown,99,Unknown,99,Unknown EMS Scene Arrival Hour,99,Unknown EMS Scene Arrival Minutes,99,Unknown,99,Unknown EMS Hospital Arrival Time,1
53,Washington,530448,0,2,2,1,1,3,1,57,SKAGIT (57),1970,SEDRO-WOOLLEY,3,March,29,29,3,Tuesday,2022,17,5:00pm-5:59pm,5,5,STATE ST,NA,6,Local Street - Municipality,2,Urban,4,Minor Arterial,4,City or Municipal Highway Agency,0,This section IS NOT on the NHS,0,No Special Jurisdiction,0,None,48.50327778,48.50327778,-122.23011111,-122.23011111,14,Parked Motor Vehicle,0,The First Harmful Event was Not a Collision with a Motor Vehicle in Transport,0,No,1,Non-Junction,1,Not an Intersection,2,On Shoulder,0,None,1,Daylight,1,Clear,0,No,0000000,Not Applicable,99,Unknown,99,Unknown,99,Unknown EMS Scene Arrival Hour,99,Unknown EMS Scene Arrival Minutes,99,Unknown,99,Unknown EMS Hospital Arrival Time,1
53,Washington,530449,0,0,2,2,0,2,2,5,BENTON (5),1020,KENNEWICK,4,April,1,1,6,Friday,2022,13,1:00pm-1:59pm,2,2,W 10TH AVE,S Sharron St,6,Local Street - Municipality,2,Urban,4,Minor Arterial,4,City or Municipal Highway Agency,0,This section IS NOT on the NHS,0,No Special Jurisdiction,0,None,46.1986,46.1986,-119.145675,-119.145675,12,Motor Vehicle In-Transport,6,Angle,0,No,2,Intersection,3,T-Intersection,1,On Roadway,0,None,1,Daylight,1,Clear,0,No,0000000,Not Applicable,99,Unknown,99,Unknown,99,Unknown EMS Scene Arrival Hour,99,Unknown EMS Scene Arrival Minutes,99,Unknown,99,Unknown EMS Hospital Arrival Time,1
53,Washington,530450,0,0,1,1,0,2,2,33,KING (33),1960,SEATTLE,4,April,2,2,7,Saturday,2022,5,5:00am-5:59am,36,36,SR-99,NA,3,State Highway,2,Urban,2,Principal Arterial - Other Freeways and Expressways,1,State Highway Agency,0,This section IS NOT on the NHS,0,No Special Jurisdiction,301,301,47.67746389,47.67746389,-122.34574167,-122.34574167,1,Rollover/Overturn,0,The First Harmful Event was Not a Collision with a Motor Vehicle in Transport,0,No,1,Non-Junction,1,Not an Intersection,5,Outside Trafficway,0,None,3,Dark - Lighted,10,Cloudy,0,No,0000000,Not Applicable,99,Unknown,99,Unknown,99,Unknown EMS Scene Arrival Hour,99,Unknown EMS Scene Arrival Minutes,99,Unknown,99,Unknown EMS Hospital Arrival Time,1
53,Washington,530451,0,0,2,2,0,2,2,15,COWLITZ (15),0,NOT APPLICABLE,3,March,25,25,6,Friday,2022,14,2:00pm-2:59pm,28,28,CR-OLD PACIFIC HWY S,NA,4,County Road,1,Rural,5,Major Collector,2,County Highway Agency,0,This section IS NOT on the NHS,0,No Special Jurisdiction,27,27,46.07101944,46.07101944,-122.86530278,-122.86530278,12,Motor Vehicle In-Transport,2,Front-to-Front,0,No,1,Non-Junction,1,Not an Intersection,1,On Roadway,0,None,1,Daylight,1,Clear,0,No,0000000,Not Applicable,99,Unknown,99,Unknown,99,Unknown EMS Scene Arrival Hour,99,Unknown EMS Scene Arrival Minutes,99,Unknown,99,Unknown EMS Hospital Arrival Time,1
53,Washington,530452,0,0,2,2,0,3,3,33,KING (33),1030,KENT,3,March,26,26,7,Saturday,2022,7,7:00am-7:59am,32,32,CR-S 277TH ST,NA,4,County Road,2,Urban,3,Principal Arterial - Other,4,City or Municipal Highway Agency,0,This section IS NOT on the NHS,0,No Special Jurisdiction,0,None,47.353675,47.353675,-122.250375,-122.250375,12,Motor Vehicle In-Transport,1,Front-to-Rear,0,No,1,Non-Junction,1,Not an Intersection,1,On Roadway,0,None,1,Daylight,2,Rain,0,No,0000000,Not Applicable,99,Unknown,99,Unknown,99,Unknown EMS Scene Arrival Hour,99,Unknown EMS Scene Arrival Minutes,99,Unknown,99,Unknown EMS Hospital Arrival Time,1
53,Washington,530453,0,0,1,1,0,1,1,7,CHELAN (7),0,NOT APPLICABLE,5,May,18,18,4,Wednesday,2022,3,3:00am-3:59am,51,51,CR-MALAGA ALCOA HWY,NA,4,County Road,2,Urban,4,Minor Arterial,2,County Highway Agency,0,This section IS NOT on the NHS,0,No Special Jurisdiction,13,13,47.385425,47.385425,-120.27494167,-120.27494167,42,Tree (Standing Only),0,The First Harmful Event was Not a Collision with a Motor Vehicle in Transport,0,No,1,Non-Junction,1,Not an Intersection,4,On Roadside,0,None,2,Dark - Not Lighted,10,Cloudy,0,No,0000000,Not Applicable,99,Unknown,99,Unknown,99,Unknown EMS Scene Arrival Hour,99,Unknown EMS Scene Arrival Minutes,88,Not Applicable (Not Transported),88,Not Applicable (Not Transported),1
53,Washington,530454,0,0,1,1,0,1,1,61,SNOHOMISH (61),0,NOT APPLICABLE,6,June,14,14,3,Tuesday,2022,9,9:00am-9:59am,2,2,CR-ROBE MENZEL RD,NA,4,County Road,1,Rural,7,Local,2,County Highway Agency,0,This section IS NOT on the NHS,0,No Special Jurisdiction,9,9,48.04668056,48.04668056,-121.95750556,-121.95750556,42,Tree (Standing Only),0,The First Harmful Event was Not a Collision with a Motor Vehicle in Transport,0,No,1,Non-Junction,1,Not an Intersection,4,On Roadside,0,None,1,Daylight,2,Rain,0,No,0000000,Not Applicable,99,Unknown,99,Unknown,99,Unknown EMS Scene Arrival Hour,99,Unknown EMS Scene Arrival Minutes,99,Unknown,99,Unknown EMS Hospital Arrival Time,1
53,Washington,530455,0,0,2,2,0,3,3,25,GRANT (25),0,NOT APPLICABLE,8,August,25,25,5,Thursday,2022,21,9:00pm-9:59pm,46,46,I-90,NA,1,Interstate,1,Rural,1,Interstate,1,State Highway Agency,1,This section IS ON the NHS,0,No Special Jurisdiction,1883,1883,47.085275,47.085275,-119.020125,-119.020125,12,Motor Vehicle In-Transport,2,Front-to-Front,0,No,1,Non-Junction,1,Not an Intersection,1,On Roadway,0,None,2,Dark - Not Lighted,1,Clear,0,No,0000000,Not Applicable,99,Unknown,99,Unknown,99,Unknown EMS Scene Arrival Hour,99,Unknown EMS Scene Arrival Minutes,99,Unknown,99,Unknown EMS Hospital Arrival Time,1
53,Washington,530456,0,0,1,1,0,1,1,53,PIERCE (53),0,NOT APPLICABLE,5,May,15,15,1,Sunday,2022,12,12:00pm-12:59pm,30,30,NFD ROAD 7710,NA,8,Other,6,Trafficway Not in State Inventory,96,Trafficway Not in State Inventory,96,Trafficway Not in State Inventory,0,This section IS NOT on the NHS,0,No Special Jurisdiction,99999,Unknown,47.10244444,47.10244444,-122.01145278,-122.01145278,42,Tree (Standing Only),0,The First Harmful Event was Not a Collision with a Motor Vehicle in Transport,0,No,1,Non-Junction,1,Not an Intersection,1,On Roadway,0,None,1,Daylight,2,Rain,0,No,0000000,Not Applicable,99,Unknown,99,Unknown,99,Unknown EMS Scene Arrival Hour,99,Unknown EMS Scene Arrival Minutes,99,Unknown,99,Unknown EMS Hospital Arrival Time,1
53,Washington,530457,0,0,2,2,0,2,2,63,SPOKANE (63),2110,SPOKANE,5,May,20,20,6,Friday,2022,23,11:00pm-11:59pm,41,41,W SUNSET BLVD,S Rustle St,6,Local Street - Municipality,2,Urban,3,Principal Arterial - Other,4,City or Municipal Highway Agency,0,This section IS NOT on the NHS,0,No Special Jurisdiction,0,None,47.64027778,47.64027778,-117.47316667,-117.47316667,12,Motor Vehicle In-Transport,6,Angle,0,No,2,Intersection,3,T-Intersection,1,On Roadway,0,None,3,Dark - Lighted,10,Cloudy,0,No,0000000,Not Applicable,99,Unknown,99,Unknown,99,Unknown EMS Scene Arrival Hour,99,Unknown EMS Scene Arrival Minutes,88,Not Applicable (Not Transported),88,Not Applicable (Not Transported),1
53,Washington,530458,0,0,2,2,0,3,3,77,YAKIMA (77),0,NOT APPLICABLE,8,August,25,25,5,Thursday,2022,5,5:00am-5:59am,49,49,CR-LATERAL A RD,NA,4,County Road,1,Rural,5,Major Collector,2,County Highway Agency,0,This section IS NOT on the NHS,3,Indian Reservation,14,14,46.49738611,46.49738611,-120.48026944,-120.48026944,12,Motor Vehicle In-Transport,1,Front-to-Rear,0,No,1,Non-Junction,1,Not an Intersection,1,On Roadway,0,None,4,Dawn,1,Clear,0,No,0000000,Not Applicable,99,Unknown,99,Unknown,99,Unknown EMS Scene Arrival Hour,99,Unknown EMS Scene Arrival Minutes,99,Unknown,99,Unknown EMS Hospital Arrival Time,1
53,Washington,530459,0,0,2,2,0,2,2,53,PIERCE (53),0,NOT APPLICABLE,9,September,6,6,3,Tuesday,2022,15,3:00pm-3:59pm,49,49,CR-90TH ST E,65TH AVE E,4,County Road,2,Urban,5,Major Collector,2,County Highway Agency,0,This section IS NOT on the NHS,0,No Special Jurisdiction,3,3,47.17532778,47.17532778,-122.34317778,-122.34317778,12,Motor Vehicle In-Transport,6,Angle,0,No,2,Intersection,3,T-Intersection,1,On Roadway,0,None,1,Daylight,1,Clear,0,No,0000000,Not Applicable,99,Unknown,99,Unknown,99,Unknown EMS Scene Arrival Hour,99,Unknown EMS Scene Arrival Minutes,99,Unknown,99,Unknown EMS Hospital Arrival Time,1
53,Washington,530460,0,0,1,1,0,1,1,35,KITSAP (35),0,NOT APPLICABLE,9,September,11,11,1,Sunday,2022,23,11:00pm-11:59pm,52,52,CR-LEMOLO SHORE DR NE,NA,4,County Road,2,Urban,5,Major Collector,2,County Highway Agency,0,This section IS NOT on the NHS,3,Indian Reservation,1,1,47.706775,47.706775,-122.60236389,-122.60236389,30,Utility Pole/Light Support,0,The First Harmful Event was Not a Collision with a Motor Vehicle in Transport,0,No,1,Non-Junction,1,Not an Intersection,4,On Roadside,0,None,3,Dark - Lighted,10,Cloudy,0,No,0000000,Not Applicable,99,Unknown,99,Unknown,99,Unknown EMS Scene Arrival Hour,99,Unknown EMS Scene Arrival Minutes,99,Unknown,99,Unknown EMS Hospital Arrival Time,1
53,Washington,530461,0,0,2,2,0,2,2,33,KING (33),1958,SEATAC,9,September,10,10,7,Saturday,2022,2,2:00am-2:59am,17,17,I-5,NA,1,Interstate,2,Urban,1,Interstate,1,State Highway Agency,1,This section IS ON the NHS,0,No Special Jurisdiction,1507,1507,47.41308611,47.41308611,-122.29090833,-122.29090833,12,Motor Vehicle In-Transport,1,Front-to-Rear,0,No,1,Non-Junction,1,Not an Intersection,1,On Roadway,0,None,3,Dark - Lighted,1,Clear,0,No,0000000,Not Applicable,99,Unknown,99,Unknown,99,Unknown EMS Scene Arrival Hour,99,Unknown EMS Scene Arrival Minutes,99,Unknown,99,Unknown EMS Hospital Arrival Time,1
53,Washington,530462,0,0,1,1,0,2,2,57,SKAGIT (57),0,NOT APPLICABLE,9,September,10,10,7,Saturday,2022,13,1:00pm-1:59pm,40,40,CR-S SKAGIT HWY,NA,4,County Road,1,Rural,5,Major Collector,2,County Highway Agency,0,This section IS NOT on the NHS,0,No Special Jurisdiction,206,206,48.52462778,48.52462778,-121.836075,-121.836075,42,Tree (Standing Only),0,The First Harmful Event was Not a Collision with a Motor Vehicle in Transport,0,No,1,Non-Junction,1,Not an Intersection,4,On Roadside,0,None,1,Daylight,5,"Fog, Smog, Smoke",0,No,0000000,Not Applicable,99,Unknown,99,Unknown,99,Unknown EMS Scene Arrival Hour,99,Unknown EMS Scene Arrival Minutes,99,Unknown,99,Unknown EMS Hospital Arrival Time,1
53,Washington,530463,0,0,2,2,0,4,4,33,KING (33),1958,SEATAC,8,August,10,10,4,Wednesday,2022,21,9:00pm-9:59pm,0,0,S 200TH ST,NA,6,Local Street - Municipality,2,Urban,4,Minor Arterial,4,City or Municipal Highway Agency,0,This section IS NOT on the NHS,0,No Special Jurisdiction,0,None,47.42274444,47.42274444,-122.30555,-122.30555,12,Motor Vehicle In-Transport,6,Angle,0,No,8,Driveway Access Related,1,Not an Intersection,1,On Roadway,0,None,3,Dark - Lighted,10,Cloudy,0,No,0000000,Not Applicable,99,Unknown,99,Unknown,99,Unknown EMS Scene Arrival Hour,99,Unknown EMS Scene Arrival Minutes,99,Unknown,99,Unknown EMS Hospital Arrival Time,1
53,Washington,530464,1,1,1,1,0,1,1,73,WHATCOM (73),0,NOT APPLICABLE,9,September,15,15,5,Thursday,2022,5,5:00am-5:59am,36,36,CR-PORTAL WAY,LOOMIS TRAIL RD,4,County Road,1,Rural,5,Major Collector,2,County Highway Agency,0,This section IS NOT on the NHS,0,No Special Jurisdiction,70,70,48.95036667,48.95036667,-122.69018611,-122.69018611,8,Pedestrian,0,The First Harmful Event was Not a Collision with a Motor Vehicle in Transport,0,No,3,Intersection-Related,2,Four-Way Intersection,1,On Roadway,0,None,2,Dark - Not Lighted,1,Clear,0,No,0000000,Not Applicable,99,Unknown,99,Unknown,99,Unknown EMS Scene Arrival Hour,99,Unknown EMS Scene Arrival Minutes,99,Unknown,99,Unknown EMS Hospital Arrival Time,1
53,Washington,530465,0,0,2,2,0,3,3,33,KING (33),2310,TUKWILA,9,September,9,9,6,Friday,2022,23,11:00pm-11:59pm,0,0,I-5,NA,1,Interstate,2,Urban,1,Interstate,1,State Highway Agency,1,This section IS ON the NHS,0,No Special Jurisdiction,1535,1535,47.44933056,47.44933056,-122.26587778,-122.26587778,24,Guardrail Face,0,The First Harmful Event was Not a Collision with a Motor Vehicle in Transport,0,No,1,Non-Junction,1,Not an Intersection,3,On Median,0,None,3,Dark - Lighted,1,Clear,0,No,0000000,Not Applicable,99,Unknown,99,Unknown,99,Unknown EMS Scene Arrival Hour,99,Unknown EMS Scene Arrival Minutes,99,Unknown,99,Unknown EMS Hospital Arrival Time,2
53,Washington,530466,0,0,3,3,0,4,4,57,SKAGIT (57),1970,SEDRO-WOOLLEY,9,September,3,3,7,Saturday,2022,0,0:00am-0:59am,20,20,SR-020,NA,3,State Highway,2,Urban,3,Principal Arterial - Other,1,State Highway Agency,0,This section IS NOT on the NHS,0,No Special Jurisdiction,637,637,48.50011389,48.50011389,-122.26017778,-122.26017778,12,Motor Vehicle In-Transport,1,Front-to-Rear,0,No,1,Non-Junction,1,Not an Intersection,1,On Roadway,0,None,3,Dark - Lighted,1,Clear,0,No,0000000,Not Applicable,99,Unknown,99,Unknown,99,Unknown EMS Scene Arrival Hour,99,Unknown EMS Scene Arrival Minutes,99,Unknown,99,Unknown EMS Hospital Arrival Time,1
53,Washington,530467,1,1,1,1,0,1,1,67,THURSTON (67),0,NOT APPLICABLE,9,September,17,17,7,Saturday,2022,15,3:00pm-3:59pm,29,29,CR-BOSTON HARBOR RD NE,NA,4,County Road,2,Urban,4,Minor Arterial,2,County Highway Agency,0,This section IS NOT on the NHS,0,No Special Jurisdiction,25,25,47.08126944,47.08126944,-122.89645278,-122.89645278,8,Pedestrian,0,The First Harmful Event was Not a Collision with a Motor Vehicle in Transport,0,No,1,Non-Junction,1,Not an Intersection,1,On Roadway,0,None,1,Daylight,1,Clear,0,No,0000000,Not Applicable,99,Unknown,99,Unknown,99,Unknown EMS Scene Arrival Hour,99,Unknown EMS Scene Arrival Minutes,99,Unknown,99,Unknown EMS Hospital Arrival Time,1
53,Washington,530468,0,0,1,1,0,1,1,53,PIERCE (53),1124,LAKEWOOD,9,September,18,18,1,Sunday,2022,10,10:00am-10:59am,58,58,I-5,NA,1,Interstate,2,Urban,1,Interstate,1,State Highway Agency,1,This section IS ON the NHS,0,No Special Jurisdiction,1251,1251,47.13969167,47.13969167,-122.51928611,-122.51928611,24,Guardrail Face,0,The First Harmful Event was Not a Collision with a Motor Vehicle in Transport,0,No,1,Non-Junction,1,Not an Intersection,3,On Median,0,None,1,Daylight,1,Clear,0,No,0000000,Not Applicable,99,Unknown,99,Unknown,99,Unknown EMS Scene Arrival Hour,99,Unknown EMS Scene Arrival Minutes,99,Unknown,99,Unknown EMS Hospital Arrival Time,1
53,Washington,530469,0,0,1,1,0,4,4,15,COWLITZ (15),0,NOT APPLICABLE,9,September,19,19,2,Monday,2022,8,8:00am-8:59am,26,26,SR-432,NA,3,State Highway,2,Urban,3,Principal Arterial - Other,1,State Highway Agency,0,This section IS NOT on the NHS,0,No Special Jurisdiction,52,52,46.12376389,46.12376389,-122.96460833,-122.96460833,1,Rollover/Overturn,0,The First Harmful Event was Not a Collision with a Motor Vehicle in Transport,0,No,1,Non-Junction,1,Not an Intersection,4,On Roadside,0,None,1,Daylight,1,Clear,0,No,0000000,Not Applicable,99,Unknown,99,Unknown,99,Unknown EMS Scene Arrival Hour,99,Unknown EMS Scene Arrival Minutes,99,Unknown,99,Unknown EMS Hospital Arrival Time,2
53,Washington,530470,0,0,1,1,0,1,1,45,MASON (45),0,NOT APPLICABLE,9,September,19,19,2,Monday,2022,22,10:00pm-10:59pm,58,58,CR-NE NEWKIRK RD,NE OLD BELFAIR HWY,4,County Road,1,Rural,5,Major Collector,2,County Highway Agency,0,This section IS NOT on the NHS,0,No Special Jurisdiction,0,None,47.46916944,47.46916944,-122.82720833,-122.82720833,19,Building,0,The First Harmful Event was Not a Collision with a Motor Vehicle in Transport,0,No,3,Intersection-Related,3,T-Intersection,4,On Roadside,0,None,2,Dark - Not Lighted,1,Clear,0,No,0000000,Not Applicable,99,Unknown,99,Unknown,99,Unknown EMS Scene Arrival Hour,99,Unknown EMS Scene Arrival Minutes,99,Unknown,99,Unknown EMS Hospital Arrival Time,1